{"test_loss": 73427.04000000001, "test BCE Loss": 734270.4, "test KLD Loss": NaN, "_timestamp": 1669113057.8702166, "_runtime": 324.55065870285034, "_step": 585, "train_loss": 698847.1875, "train BCE Loss": 698847.1875, "train KLD Loss": NaN}