{"test_loss": 7.8890427421875, "_timestamp": 1670654730.2812433, "_runtime": 1002.4436583518982, "_step": 5, "train_loss": 7887.6123046875, "_wandb": {"runtime": 1053}}