{"test_loss": 224.620931375, "_timestamp": 1670719472.1227067, "_runtime": 189.148699760437, "_step": 0, "_wandb": {"runtime": 188}}