{"test_loss": 950.1435652499999, "test BCE Loss": 950143.56525, "test KLD Loss": 0.0030801932220347224, "_timestamp": 1670533149.5572248, "_runtime": 159.3840527534485, "_step": 0, "_wandb": {"runtime": 350}}