{"test_loss": 73294.68875, "test BCE Loss": 732946.8875, "test KLD Loss": NaN, "_timestamp": 1669113156.6503584, "_runtime": 35.80642032623291, "_step": 59, "train_loss": 705353.75, "train BCE Loss": 705353.75, "train KLD Loss": NaN}