{"test_loss": 960.313196, "test BCE Loss": 960313.196, "test KLD Loss": 0.0024122068621218206, "_timestamp": 1669712996.7064543, "_runtime": 70.37716627120972, "_step": 0, "_wandb": {"runtime": 106}}