{"test_loss": 73206.93000000001, "test BCE Loss": 732069.3, "test KLD Loss": NaN, "_timestamp": 1669112542.0458064, "_runtime": 18.11732029914856, "_step": 19, "train_loss": 704748.9375, "train BCE Loss": 704748.925, "train KLD Loss": NaN}