{"test_loss": 97907.3475, "test BCE Loss": 958051.8, "test KLD Loss": 21021.681884765625, "_timestamp": 1669111716.5730238, "_runtime": 10.837173700332642, "_step": 0}