{"test_loss": 47510725.42, "test BCE Loss": 958819.1, "test KLD Loss": 474148431.2, "_timestamp": 1669112179.030618, "_runtime": 110.59416794776917, "_step": 0}