{"test_loss": NaN, "test BCE Loss": 693192.9825, "test KLD Loss": NaN, "_timestamp": 1669113413.5252743, "_runtime": 218.72941327095032, "_step": 5, "train_loss": NaN, "train BCE Loss": 694507.80125, "train KLD Loss": NaN}