{"test_loss": 95789.54125, "test BCE Loss": 957780.8, "test KLD Loss": 114.60703125, "_timestamp": 1669111645.3555832, "_runtime": 9.627246141433716, "_step": 0}