{"test_loss": 910.8476742500001, "_timestamp": 1670708789.792754, "_runtime": 238.50115704536438, "_step": 0, "_wandb": {"runtime": 407}}