{"test_loss": NaN, "test BCE Loss": 736628.4, "test KLD Loss": NaN, "_timestamp": 1669112468.067248, "_runtime": 18.61230707168579, "_step": 19, "train_loss": NaN, "train BCE Loss": 704950.4375, "train KLD Loss": NaN}