{"test_loss": 95917.21625, "test BCE Loss": 958997.425, "test KLD Loss": 174.72374877929687, "_timestamp": 1669111589.1859515, "_runtime": 10.582293510437012, "_step": 0}