{"test_loss": 96075.0525, "test BCE Loss": 959274.7625, "test KLD Loss": 1475.78779296875, "_timestamp": 1669110733.558084, "_runtime": 10.303409099578857, "_step": 0}