{"test_loss": 1049.84715575, "_timestamp": 1670719187.5411942, "_runtime": 52.308810234069824, "_step": 0, "_wandb": {"runtime": 78}}