{"test_loss": 12697.2175, "test BCE Loss": 958157.7525, "test KLD Loss": 311564.01125, "_timestamp": 1669109529.5846395, "_runtime": 34.25017046928406, "_step": 0}