{"test_loss": 5.476290741935373e-07, "_timestamp": 1670633104.0915945, "_runtime": 234.50858736038208, "_step": 0, "_wandb": {"runtime": 236}}