{"test_loss": 407.494881, "_timestamp": 1670655564.9652865, "_runtime": 346.26350951194763, "_step": 1, "train_loss": 166508.359375, "_wandb": {"runtime": 416}}