{"test_loss": 874.9304677499999, "_timestamp": 1670720042.6223645, "_runtime": 80.25969552993774, "_step": 0, "_wandb": {"runtime": 89}}