{"test_loss": 21.072899546875, "test BCE Loss": 21072.899546875, "test KLD Loss": NaN, "_timestamp": 1670536796.3032784, "_runtime": 1050.2063744068146, "_step": 24, "train_loss": 21114.38671875, "train BCE Loss": 21114.3842734375, "train KLD Loss": NaN, "gradients/decoder.dconv1.weight": {"_type": "histogram", "values": [35.0, 23.0, 69.0, 196.0, 242.0, 131.0, 369.0, 1174.0, 2005.0, 3058.0, 2386.0, 2171.0, 2403.0, 2927.0, 3871.0, 3484.0, 1882.0, 1131.0, 91.0, 0.0, 15131.0, 2124.0, 760.0, 359.0, 2121.0, 3281.0, 4231.0, 4312.0, 1149.0, 301.0, 410.0, 383.0, 291.0, 483.0, 607.0, 634.0, 660.0, 907.0, 816.0, 661.0, 723.0, 913.0, 864.0, 652.0, 448.0, 383.0, 480.0, 496.0, 394.0, 312.0, 195.0, 194.0, 126.0, 73.0, 50.0, 13.0, 7.0, 14.0, 13.0, 18.0, 39.0, 28.0, 6.0, 18.0], "bins": [-12.270548820495605, -11.679295539855957, -11.088042259216309, -10.49678897857666, -9.905535697937012, -9.314282417297363, -8.723029136657715, -8.131775856018066, -7.540522575378418, -6.9492692947387695, -6.358016014099121, -5.766762733459473, -5.175509452819824, -4.584256172180176, -3.9930028915405273, -3.401749610900879, -2.8104963302612305, -2.219243049621582, -1.6279897689819336, -1.0367364883422852, -0.4454832077026367, 0.14577007293701172, 0.7370233535766602, 1.3282766342163086, 1.919529914855957, 2.5107831954956055, 3.102036476135254, 3.6932897567749023, 4.284543037414551, 4.875796318054199, 5.467049598693848, 6.058302879333496, 6.649557113647461, 7.240810394287109, 7.832063674926758, 8.423316955566406, 9.014570236206055, 9.605823516845703, 10.197076797485352, 10.788330078125, 11.379583358764648, 11.970836639404297, 12.562089920043945, 13.153343200683594, 13.744596481323242, 14.33584976196289, 14.927103042602539, 15.518356323242188, 16.109609603881836, 16.700862884521484, 17.292116165161133, 17.88336944580078, 18.47462272644043, 19.065876007080078, 19.657129287719727, 20.248382568359375, 20.839635848999023, 21.430889129638672, 22.02214241027832, 22.61339569091797, 23.204648971557617, 23.795902252197266, 24.387155532836914, 24.978408813476562, 25.56966209411621]}, "gradients/decoder.dconv1.bias": {"_type": "histogram", "values": [1.0, 0.0, 0.0, 0.0, 0.0, 0.0, 0.0, 0.0, 0.0, 0.0, 1.0, 0.0, 0.0, 0.0, 0.0, 0.0, 0.0, 0.0, 0.0, 0.0, 0.0, 0.0, 0.0, 0.0, 0.0, 0.0, 0.0, 0.0, 0.0, 0.0, 0.0, 0.0, 0.0, 0.0, 0.0, 0.0, 1.0, 0.0, 0.0, 0.0, 0.0, 0.0, 0.0, 0.0, 0.0, 0.0, 0.0, 0.0, 0.0, 0.0, 0.0, 0.0, 0.0, 0.0, 0.0, 0.0, 0.0, 0.0, 0.0, 0.0, 0.0, 0.0, 0.0, 1.0], "bins": [-156.90103149414062, -149.90240478515625, -142.90377807617188, -135.9051513671875, -128.9065399169922, -121.90791320800781, -114.90928649902344, -107.91065979003906, -100.91204071044922, -93.91341400146484, -86.914794921875, -79.91616821289062, -72.91754150390625, -65.9189224243164, -58.92029571533203, -51.92167282104492, -44.92304992675781, -37.9244270324707, -30.92580223083496, -23.92717742919922, -16.92855453491211, -9.929931640625, -2.931304931640625, 4.067317962646484, 11.065940856933594, 18.064563751220703, 25.063188552856445, 32.06181335449219, 39.0604362487793, 46.059059143066406, 53.05768585205078, 60.05630874633789, 67.054931640625, 74.05355834960938, 81.05217742919922, 88.0508041381836, 95.04942321777344, 102.04804992675781, 109.04667663574219, 116.04530334472656, 123.0439224243164, 130.04254150390625, 137.04116821289062, 144.039794921875, 151.03842163085938, 158.03704833984375, 165.03567504882812, 172.03428649902344, 179.0329132080078, 186.0315399169922, 193.03016662597656, 200.02877807617188, 207.02740478515625, 214.02603149414062, 221.024658203125, 228.02328491210938, 235.02191162109375, 242.02053833007812, 249.0191650390625, 256.0177917480469, 263.01641845703125, 270.0150146484375, 277.013671875, 284.01226806640625, 291.0108947753906]}, "gradients/decoder.dconv2.weight": {"_type": "histogram", "values": [1.0, 2.0, 1.0, 1.0, 0.0, 0.0, 0.0, 0.0, 0.0, 1.0, 3.0, 2.0, 0.0, 4.0, 0.0, 0.0, 0.0, 0.0, 1.0, 2.0, 6.0, 11.0, 19.0, 22.0, 24.0, 27.0, 30.0, 45.0, 53.0, 60.0, 78.0, 73.0, 98.0, 97.0, 105.0, 135.0, 236.0, 331.0, 636.0, 1095.0, 1860.0, 3058.0, 4646.0, 5698.0, 5885.0, 4957.0, 19816.0, 811.0, 452.0, 323.0, 244.0, 130.0, 63.0, 25.0, 6.0, 2.0, 1.0, 2.0, 4.0, 6.0, 2.0, 6.0, 2.0, 2.0], "bins": [-23.435876846313477, -22.93282699584961, -22.429779052734375, -21.926729202270508, -21.423681259155273, -20.920631408691406, -20.417583465576172, -19.914533615112305, -19.411483764648438, -18.90843391418457, -18.405385971069336, -17.90233612060547, -17.399288177490234, -16.896238327026367, -16.393190383911133, -15.890140533447266, -15.387092590332031, -14.88404369354248, -14.38099479675293, -13.877945899963379, -13.374897003173828, -12.871847152709961, -12.36879825592041, -11.86574935913086, -11.362700462341309, -10.859651565551758, -10.356602668762207, -9.853553771972656, -9.350503921508789, -8.847455978393555, -8.344406127929688, -7.841357231140137, -7.338306427001953, -6.835257530212402, -6.332208633422852, -5.829159259796143, -5.326110363006592, -4.823061466217041, -4.320012092590332, -3.8169631958007812, -3.3139142990112305, -2.8108654022216797, -2.30781626701355, -1.8047672510147095, -1.3017182350158691, -0.7986693382263184, -0.2956202030181885, 0.2074289321899414, 0.7104778289794922, 1.2135268449783325, 1.7165758609771729, 2.2196249961853027, 2.7226738929748535, 3.2257227897644043, 3.728771924972534, 4.231821060180664, 4.734869956970215, 5.237918853759766, 5.740967750549316, 6.244017124176025, 6.747066020965576, 7.250114917755127, 7.753164291381836, 8.256213188171387, 8.759262084960938]}, "gradients/decoder.dconv2.bias": {"_type": "histogram", "values": [1.0, 0.0, 0.0, 0.0, 0.0, 0.0, 0.0, 0.0, 0.0, 0.0, 0.0, 0.0, 0.0, 0.0, 0.0, 0.0, 0.0, 0.0, 0.0, 0.0, 0.0, 0.0, 0.0, 0.0, 0.0, 0.0, 0.0, 0.0, 0.0, 1.0, 0.0, 0.0, 0.0, 1.0, 1.0, 0.0, 0.0, 1.0, 1.0, 1.0, 5.0, 3.0, 0.0, 2.0, 2.0, 1.0, 2.0, 0.0, 0.0, 1.0, 0.0, 0.0, 1.0, 1.0, 0.0, 0.0, 0.0, 0.0, 0.0, 6.0, 0.0, 0.0, 0.0, 1.0], "bins": [-125.15546417236328, -123.06624603271484, -120.97702026367188, -118.88780212402344, -116.798583984375, -114.70936584472656, -112.62014770507812, -110.53092193603516, -108.44170379638672, -106.35248565673828, -104.26325988769531, -102.17404174804688, -100.08482360839844, -97.99560546875, -95.90638732910156, -93.8171615600586, -91.72794342041016, -89.63872528076172, -87.54949951171875, -85.46028137207031, -83.37106323242188, -81.28184509277344, -79.192626953125, -77.10340118408203, -75.0141830444336, -72.92496490478516, -70.83573913574219, -68.74652099609375, -66.65730285644531, -64.56808471679688, -62.47886276245117, -60.38964080810547, -58.30042266845703, -56.211204528808594, -54.12198257446289, -52.03276062011719, -49.94354248046875, -47.85432434082031, -45.76510238647461, -43.675880432128906, -41.58666229248047, -39.49744415283203, -37.40822219848633, -35.319000244140625, -33.22978210449219, -31.140562057495117, -29.051342010498047, -26.962121963500977, -24.872901916503906, -22.783681869506836, -20.694461822509766, -18.605241775512695, -16.516021728515625, -14.426801681518555, -12.337581634521484, -10.248361587524414, -8.159141540527344, -6.069921493530273, -3.980701446533203, -1.8914813995361328, 0.1977386474609375, 2.286958694458008, 4.376178741455078, 6.465398788452148, 8.554618835449219]}, "gradients/decoder.dconv3.weight": {"_type": "histogram", "values": [3.0, 3.0, 3.0, 6.0, 3.0, 8.0, 18.0, 9.0, 12.0, 6.0, 32.0, 20.0, 10.0, 19.0, 38.0, 29.0, 43.0, 70.0, 107.0, 139.0, 200.0, 260.0, 358.0, 542.0, 784.0, 1049.0, 1334.0, 12981.0, 162.0, 53.0, 19.0, 18.0, 10.0, 4.0, 5.0, 4.0, 7.0, 3.0, 4.0, 4.0, 5.0, 5.0, 6.0, 2.0, 3.0, 3.0, 3.0, 1.0, 2.0, 2.0, 0.0, 4.0, 0.0, 0.0, 4.0, 3.0, 1.0, 0.0, 3.0, 0.0, 0.0, 0.0, 3.0, 3.0],