{"test_loss": 228.788572, "_timestamp": 1670719699.1778984, "_runtime": 193.40294647216797, "_step": 0}