{"test_loss": NaN, "test BCE Loss": 747158.9375, "test KLD Loss": NaN, "_timestamp": 1669111224.9555004, "_runtime": 21.97796130180359, "_step": 19, "train_loss": NaN, "train BCE Loss": 709930.75, "train KLD Loss": NaN}