{"test_loss": 324.98750758333335, "_timestamp": 1670710697.7798905, "_runtime": 1368.8146605491638, "_step": 1, "train_loss": 300435.6875}