{"test_loss": NaN, "test BCE Loss": 739708.2, "test KLD Loss": NaN, "_timestamp": 1669111392.4558775, "_runtime": 21.749045610427856, "_step": 19, "train_loss": NaN, "train BCE Loss": 707164.25, "train KLD Loss": NaN}