{"test_loss": NaN, "test BCE Loss": 766533.725, "test KLD Loss": NaN, "_timestamp": 1669110573.9574986, "_runtime": 20.12058663368225, "_step": 4, "train_loss": NaN, "train BCE Loss": 744012.65, "train KLD Loss": NaN}